spec_mz_index,oli_mass_index,delta_ppm
44,191,2.4702516118773525
57,204,2.318610049509016
63,210,3.34328557655985
104,227,1.865722623035588
108,229,1.0271474865504369
122,235,1.691834973781846
