spec_mz_index,oli_mass_index,delta_ppm
16,76,1.940821692235427
34,82,1.4493434604303794
37,83,3.2906159556142502
47,86,5.028005758939986
52,87,2.6314096102645026
