spec_mz_index,oli_mass_index,delta_ppm
16,173,6.341701771341154
18,175,4.206573923159917
