spec_mz_index,oli_mass_index,delta_ppm
18,97,1.6080582330310143
19,99,1.9092633905668754
84,124,1.5920222257440588
